Васильев; Виктор; 14.8.1983; директор; ул. Дубравная 5; +79565068957
Петров; Василий; 7.1.1993; директор; ул. Цветная 17; +79623836645
Волков; Василий; 21.7.1996; оператор; ул. Цветная 17; +79623836645
Иванов; Александр; 21.7.1996; оператор; ул. Ленина 35; +79565068957
Зайцев; Александр; 21.7.1996; оператор; ул. Цветная 17; +79481732246
Зайцев; Петр; 4.5.1974; директор; ул. Спасская 1; +79623836645
Сидоров; Виктор; 23.9.1972; администратор; ул. Ленина 35; +79565068957
Зайцев; Виктор; 1.11.1993; секретарь; ул. Ленина 35; +79481732246
Васильев; Петр; 1.11.1993; оператор; ул. Спасская 1; +79937285608
Петров; Виктор; 23.9.1972; водитель; ул. Цветная 17; +79565068957
Зайцев; Иван; 23.9.1972; администратор; ул. Цветная 17; +79565068957
Иванов; Иван; 14.8.1983; водитель; ул. Спасская 1; +79403118008
Сидоров; Александр; 1.11.1993; водитель; ул. Ленина 35; +79937285608
Петров; Иван; 4.5.1974; оператор; ул. Цветная 17; +79970471028
Иванов; Иван; 7.1.1993; секретарь; ул. Ленина 35; +79565068957
Сидоров; Иван; 7.1.1993; водитель; ул. Дубравная 5; +79623836645
Петров; Петр; 21.7.1996; курьер; ул. Революции 76; +79565068957
Петров; Петр; 14.8.1983; секретарь; ул. Цветная 17; +79565068957
Сидоров; Петр; 14.8.1983; оператор; ул. Дубравная 5; +79481732246
Зайцев; Василий; 1.11.1993; директор; ул. Спасская 1; +79937285608
Васильев; Виктор; 1.11.1993; оператор; ул. Тверская 40/2; +79970471028
Петров; Александр; 4.5.1974; директор; ул. Тверская 40/2; +79403118008
Петров; Иван; 21.7.1996; оператор; ул. Революции 76; +79403118008
Иванов; Василий; 14.8.1983; курьер; ул. Тверская 40/2; +79623836645
Иванов; Иван; 7.1.1993; директор; ул. Спасская 1; +79403118008
Иванов; Василий; 1.11.1993; директор; ул. Тверская 40/2; +79481732246
Сидоров; Виктор; 1.11.1993; администратор; ул. Цветная 17; +79970471028
Сидоров; Виктор; 1.11.1993; водитель; ул. Дубравная 5; +79623836645
Зайцев; Петр; 14.8.1983; курьер; ул. Цветная 17; +79403118008
Васильев; Иван; 7.1.1993; курьер; ул. Тверская 40/2; +79623836645
Зайцев; Иван; 21.7.1996; администратор; ул. Революции 76; +79970471028
Иванов; Василий; 21.7.1996; курьер; ул. Ленина 35; +79970471028
Зайцев; Василий; 21.7.1996; водитель; ул. Дубравная 5; +79481732246
Иванов; Виктор; 14.8.1983; оператор; ул. Революции 76; +79970471028
Волков; Андрей; 21.7.1996; секретарь; ул. Революции 76; +79937285608
Васильев; Василий; 7.1.1993; директор; ул. Тверская 40/2; +79403118008
Петров; Иван; 4.5.1974; водитель; ул. Революции 76; +79970471028
Сидоров; Петр; 4.5.1974; директор; ул. Цветная 17; +79481732246
Зайцев; Петр; 14.8.1983; оператор; ул. Тверская 40/2; +79565068957
Сидоров; Иван; 14.8.1983; администратор; ул. Дубравная 5; +79970471028
Иванов; Петр; 4.5.1974; секретарь; ул. Тверская 40/2; +79623836645
Зайцев; Виктор; 4.5.1974; курьер; ул. Ленина 35; +79970471028
Васильев; Андрей; 1.11.1993; водитель; ул. Спасская 1; +79970471028
Волков; Андрей; 23.9.1972; водитель; ул. Дубравная 5; +79481732246
Зайцев; Андрей; 23.9.1972; курьер; ул. Тверская 40/2; +79481732246
Иванов; Петр; 1.11.1993; директор; ул. Дубравная 5; +79623836645
Иванов; Василий; 4.5.1974; директор; ул. Ленина 35; +79481732246
Петров; Петр; 1.11.1993; администратор; ул. Тверская 40/2; +79481732246
Сидоров; Иван; 4.5.1974; курьер; ул. Ленина 35; +79623836645
Петров; Андрей; 4.5.1974; курьер; ул. Цветная 17; +79481732246
Зайцев; Иван; 14.8.1983; администратор; ул. Революции 76; +79481732246
Зайцев; Петр; 4.5.1974; секретарь; ул. Цветная 17; +79565068957
Волков; Петр; 1.11.1993; директор; ул. Дубравная 5; +79937285608
Волков; Иван; 23.9.1972; оператор; ул. Цветная 17; +79481732246
Петров; Виктор; 23.9.1972; директор; ул. Революции 76; +79623836645
Сидоров; Василий; 1.11.1993; директор; ул. Тверская 40/2; +79970471028
Иванов; Василий; 21.7.1996; директор; ул. Тверская 40/2; +79565068957
Волков; Андрей; 4.5.1974; директор; ул. Цветная 17; +79937285608
Сидоров; Иван; 4.5.1974; директор; ул. Ленина 35; +79403118008
Сидоров; Андрей; 7.1.1993; курьер; ул. Спасская 1; +79970471028
Волков; Андрей; 7.1.1993; директор; ул. Спасская 1; +79623836645
Васильев; Петр; 4.5.1974; директор; ул. Цветная 17; +79623836645
Волков; Петр; 21.7.1996; курьер; ул. Спасская 1; +79937285608
Сидоров; Василий; 1.11.1993; оператор; ул. Дубравная 5; +79623836645
Зайцев; Андрей; 23.9.1972; оператор; ул. Революции 76; +79403118008
Волков; Василий; 1.11.1993; секретарь; ул. Спасская 1; +79970471028
Петров; Василий; 23.9.1972; водитель; ул. Тверская 40/2; +79937285608
Зайцев; Иван; 14.8.1983; секретарь; ул. Дубравная 5; +79937285608
Сидоров; Иван; 4.5.1974; оператор; ул. Революции 76; +79937285608
Сидоров; Иван; 7.1.1993; директор; ул. Спасская 1; +79623836645
Петров; Петр; 23.9.1972; водитель; ул. Дубравная 5; +79565068957
Зайцев; Виктор; 21.7.1996; секретарь; ул. Революции 76; +79970471028
Зайцев; Иван; 14.8.1983; директор; ул. Революции 76; +79937285608
Зайцев; Василий; 21.7.1996; директор; ул. Цветная 17; +79623836645
Сидоров; Петр; 21.7.1996; администратор; ул. Революции 76; +79565068957
Васильев; Виктор; 7.1.1993; директор; ул. Ленина 35; +79937285608
Васильев; Виктор; 1.11.1993; директор; ул. Тверская 40/2; +79403118008
Волков; Виктор; 14.8.1983; водитель; ул. Революции 76; +79937285608
Васильев; Петр; 14.8.1983; секретарь; ул. Тверская 40/2; +79623836645
Сидоров; Петр; 7.1.1993; секретарь; ул. Ленина 35; +79970471028
Сидоров; Виктор; 23.9.1972; курьер; ул. Цветная 17; +79565068957
Волков; Петр; 1.11.1993; оператор; ул. Ленина 35; +79937285608
Зайцев; Иван; 14.8.1983; директор; ул. Цветная 17; +79481732246
Волков; Иван; 7.1.1993; администратор; ул. Дубравная 5; +79937285608
Сидоров; Андрей; 1.11.1993; водитель; ул. Цветная 17; +79937285608
Васильев; Виктор; 14.8.1983; курьер; ул. Тверская 40/2; +79403118008
Сидоров; Иван; 7.1.1993; водитель; ул. Спасская 1; +79623836645
Сидоров; Андрей; 1.11.1993; секретарь; ул. Дубравная 5; +79623836645
Иванов; Александр; 21.7.1996; администратор; ул. Цветная 17; +79970471028
Зайцев; Андрей; 14.8.1983; водитель; ул. Цветная 17; +79481732246
Сидоров; Андрей; 21.7.1996; оператор; ул. Революции 76; +79403118008
Васильев; Петр; 7.1.1993; курьер; ул. Ленина 35; +79937285608
Иванов; Виктор; 7.1.1993; водитель; ул. Революции 76; +79623836645
Петров; Александр; 14.8.1983; водитель; ул. Тверская 40/2; +79970471028
Васильев; Андрей; 23.9.1972; секретарь; ул. Дубравная 5; +79565068957
Сидоров; Петр; 21.7.1996; секретарь; ул. Тверская 40/2; +79937285608
Сидоров; Андрей; 4.5.1974; водитель; ул. Спасская 1; +79937285608
Васильев; Александр; 14.8.1983; директор; ул. Революции 76; +79403118008
Иванов; Василий; 21.7.1996; водитель; ул. Ленина 35; +79623836645
